ID,DataRow ID,Labeled Data,Label,Created By,Project Name,Created At,Updated At,Seconds to Label,External ID,Agreement,Benchmark Agreement,Benchmark ID,Benchmark Reference ID,Dataset Name,Reviews,View Label
cjx96zfvx0drq0a26rw7vy1iv,cjtn8nc0fofab0bqpubkv4t8w,https://storage.googleapis.com/labelbox-193903.appspot.com/cjtn8mnpenkfa07991d1gorsl%2F4cb44cf3-088a-169f-ca83-323670240bec-MendeManual-92.png,Skip,haberc@uw.edu,BilingualDataTagging,1561308862000,1561308862000,10.698,MendeManual-92.png,,,,,Mende,[],https://image-segmentation-v4.labelbox.com?project=cjtn8nulcnp0l0878dla0tap0&label=cjx96zfvx0drq0a26rw7vy1iv
cjx970ocjbucp0891u6ap8ae6,cjtn8nc0fofaf0bqp809lfxts,https://storage.googleapis.com/labelbox-193903.appspot.com/cjtn8mnpenkfa07991d1gorsl%2Fedd82576-a295-b567-9b92-55cdb798f8d5-MendeManual-91.png,"{""Table"":[{""select_how_many_columns"":""quad-columnar"",""geometry"":[{""x"":517,""y"":350},{""x"":2399,""y"":579}]},{""select_how_many_columns"":""quad-columnar"",""geometry"":[{""x"":505,""y"":690},{""x"":2594,""y"":1007}]},{""select_how_many_columns"":""quad-columnar"",""geometry"":[{""x"":512,""y"":1127},{""x"":2641,""y"":1818}]}]}",haberc@uw.edu,BilingualDataTagging,1561308919000,1561308919000,57.249,MendeManual-91.png,,,,,Mende,[],https://image-segmentation-v4.labelbox.com?project=cjtn8nulcnp0l0878dla0tap0&label=cjx970ocjbucp0891u6ap8ae6
cjx971dx617ik08902nqmmbwi,cjtn8nc0fofaj0bqptgniq6vg,https://storage.googleapis.com/labelbox-193903.appspot.com/cjtn8mnpenkfa07991d1gorsl%2F2996ece9-3a30-23f0-6ad0-2e3e06325d7c-MendeManual-90.png,"{""Table"":[{""select_how_many_columns"":""quad-columnar"",""geometry"":[{""x"":516,""y"":330},{""x"":2630,""y"":759}]},{""select_how_many_columns"":""quad-columnar"",""geometry"":[{""x"":527,""y"":866},{""x"":2669,""y"":1547}]},{""select_how_many_columns"":""quad-columnar"",""geometry"":[{""x"":523,""y"":1675},{""x"":2651,""y"":2994}]}]}",haberc@uw.edu,BilingualDataTagging,1561308953000,1561308972000,32.685,MendeManual-90.png,,,,,Mende,[],https://image-segmentation-v4.labelbox.com?project=cjtn8nulcnp0l0878dla0tap0&label=cjx971dx617ik08902nqmmbwi
cjx972rasbumf08911yfh7lft,cjtn8nc0fofan0bqpejpbzwl0,https://storage.googleapis.com/labelbox-193903.appspot.com/cjtn8mnpenkfa07991d1gorsl%2F677e4e55-69a7-40cb-f0bf-e197cccaad9a-MendeManual-89.png,"{""Table"":[{""select_how_many_columns"":""quad-columnar"",""geometry"":[{""x"":492,""y"":318},{""x"":2644,""y"":1865}]},{""select_how_many_columns"":""quad-columnar"",""geometry"":[{""x"":503,""y"":1988},{""x"":2676,""y"":3338}]}]}",haberc@uw.edu,BilingualDataTagging,1561309017000,1561309043000,38.415,MendeManual-89.png,,,,,Mende,[],https://image-segmentation-v4.labelbox.com?project=cjtn8nulcnp0l0878dla0tap0&label=cjx972rasbumf08911yfh7lft
cjx974gfm0efz0a26m58b8qq7,cjtn8nc0fofar0bqpi9frw6qq,https://storage.googleapis.com/labelbox-193903.appspot.com/cjtn8mnpenkfa07991d1gorsl%2Fe39e7ddc-cf83-2439-0fb3-9aa1c4a4d84b-MendeManual-88.png,"{""Table"":[{""select_how_many_columns"":""quad-columnar"",""geometry"":[{""x"":530,""y"":174},{""x"":2665,""y"":1270}]},{""select_how_many_columns"":""quad-columnar"",""geometry"":[{""x"":519,""y"":1381},{""x"":2689,""y"":1869}]}]}",haberc@uw.edu,BilingualDataTagging,1561309096000,1561309096000,43.875,MendeManual-88.png,,,,,Mende,[],https://image-segmentation-v4.labelbox.com?project=cjtn8nulcnp0l0878dla0tap0&label=cjx974gfm0efz0a26m58b8qq7
cjx974vip1szb0836zi15ui00,cjtn8nc0fofav0bqp9cvb5tjd,https://storage.googleapis.com/labelbox-193903.appspot.com/cjtn8mnpenkfa07991d1gorsl%2Fe2e19665-42b5-c2bd-f169-6e250be098b7-MendeManual-87.png,"{""Table"":[{""select_how_many_columns"":""quad-columnar"",""geometry"":[{""x"":481,""y"":210},{""x"":2710,""y"":1221}]},{""select_how_many_columns"":""quad-columnar"",""geometry"":[{""x"":500,""y"":1333},{""x"":2647,""y"":2774}]},{""select_how_many_columns"":""quad-columnar"",""geometry"":[{""x"":494,""y"":2886},{""x"":2651,""y"":3466}]}]}",haberc@uw.edu,BilingualDataTagging,1561309115000,1561309153000,19.222,MendeManual-87.png,,,,,Mende,[],https://image-segmentation-v4.labelbox.com?project=cjtn8nulcnp0l0878dla0tap0&label=cjx974vip1szb0836zi15ui00
cjx976nzdbv3d0891r3lz7ftl,cjtn8nc0fofaz0bqp68x380wb,https://storage.googleapis.com/labelbox-193903.appspot.com/cjtn8mnpenkfa07991d1gorsl%2Fd8984e42-0564-b1db-736c-dc7194c2e638-MendeManual-86.png,"{""Table"":[{""select_how_many_columns"":""quad-columnar"",""geometry"":[{""x"":497,""y"":484},{""x"":2629,""y"":2195}]},{""select_how_many_columns"":""quad-columnar"",""geometry"":[{""x"":491,""y"":2304},{""x"":2626,""y"":3409}]}]}",haberc@uw.edu,BilingualDataTagging,1561309199000,1561309199000,34.161,MendeManual-86.png,,,,,Mende,[],https://image-segmentation-v4.labelbox.com?project=cjtn8nulcnp0l0878dla0tap0&label=cjx976nzdbv3d0891r3lz7ftl
cjx976zkk0p3o0800jgfnjrtd,cjtn8nc0fofb30bqpkpoa9yyo,https://storage.googleapis.com/labelbox-193903.appspot.com/cjtn8mnpenkfa07991d1gorsl%2F7811b7a1-0e3d-6fce-bab6-6771891efad1-MendeManual-85.png,"{""Table"":[{""select_how_many_columns"":""bi-columnar"",""geometry"":[{""x"":471,""y"":283},{""x"":2547,""y"":2413}]}]}",haberc@uw.edu,BilingualDataTagging,1561309214000,1561309214000,14.716,MendeManual-85.png,,,,,Mende,[],https://image-segmentation-v4.labelbox.com?project=cjtn8nulcnp0l0878dla0tap0&label=cjx976zkk0p3o0800jgfnjrtd
cjx977hv5a1qg0884pbelx2qj,cjtn8nc0fofb70bqpamj7yrzw,https://storage.googleapis.com/labelbox-193903.appspot.com/cjtn8mnpenkfa07991d1gorsl%2F8e039b11-027a-cabd-efda-d28d19c90109-MendeManual-84.png,"{""Table"":[{""select_how_many_columns"":""bi-columnar"",""geometry"":[{""x"":499,""y"":480},{""x"":2714,""y"":3504}]}]}",haberc@uw.edu,BilingualDataTagging,1561309238000,1561309238000,23.35,MendeManual-84.png,,,,,Mende,[],https://image-segmentation-v4.labelbox.com?project=cjtn8nulcnp0l0878dla0tap0&label=cjx977hv5a1qg0884pbelx2qj
cjx978anva1ue088457amb8p1,cjtn8nc0fofbb0bqpjjjnyoop,https://storage.googleapis.com/labelbox-193903.appspot.com/cjtn8mnpenkfa07991d1gorsl%2Fcebab617-b3f1-2749-8659-f4d292e224a1-MendeManual-83.png,Skip,haberc@uw.edu,BilingualDataTagging,1561309275000,1561309275000,36.894,MendeManual-83.png,,,,,Mende,[],https://image-segmentation-v4.labelbox.com?project=cjtn8nulcnp0l0878dla0tap0&label=cjx978anva1ue088457amb8p1
cjx97sahkc08g0891dztxs8p6,cjtn8nc0fofbf0bqpfn6mnksx,https://storage.googleapis.com/labelbox-193903.appspot.com/cjtn8mnpenkfa07991d1gorsl%2Fc9471131-8348-0f14-5830-567d7e23406e-MendeManual-82.png,Skip,haberc@uw.edu,BilingualDataTagging,1561310208000,1561310208000,932.591,MendeManual-82.png,,,,,Mende,[],https://image-segmentation-v4.labelbox.com?project=cjtn8nulcnp0l0878dla0tap0&label=cjx97sahkc08g0891dztxs8p6
cjx97seof0h4d0a268ehc99ev,cjtn8nc0fofbj0bqp7foa6fun,https://storage.googleapis.com/labelbox-193903.appspot.com/cjtn8mnpenkfa07991d1gorsl%2F05725bed-2fea-7320-81ea-27fa12a3ee8a-MendeManual-81.png,Skip,haberc@uw.edu,BilingualDataTagging,1561310213000,1561310213000,5.175,MendeManual-81.png,,,,,Mende,[],https://image-segmentation-v4.labelbox.com?project=cjtn8nulcnp0l0878dla0tap0&label=cjx97seof0h4d0a268ehc99ev
cjx97sgw8ai630884j26vogqt,cjtn8nc0fofbn0bqp2oraeza2,https://storage.googleapis.com/labelbox-193903.appspot.com/cjtn8mnpenkfa07991d1gorsl%2F5fff0f65-a740-f07a-86e4-fd5f457d3131-MendeManual-80.png,Skip,haberc@uw.edu,BilingualDataTagging,1561310216000,1561310216000,2.681,MendeManual-80.png,,,,,Mende,[],https://image-segmentation-v4.labelbox.com?project=cjtn8nulcnp0l0878dla0tap0&label=cjx97sgw8ai630884j26vogqt
cjx97t5s9208h0836wgpngwv0,cjtn8nc0fofbr0bqpgel33kob,https://storage.googleapis.com/labelbox-193903.appspot.com/cjtn8mnpenkfa07991d1gorsl%2F9adc187d-c2c2-308f-d837-6420fa98736c-MendeManual-79.png,Skip,haberc@uw.edu,BilingualDataTagging,1561310248000,1561310248000,31.985,MendeManual-79.png,,,,,Mende,[],https://image-segmentation-v4.labelbox.com?project=cjtn8nulcnp0l0878dla0tap0&label=cjx97t5s9208h0836wgpngwv0
cjx97t7ksc0be0891b0p6zl0b,cjtn8nc0fofbv0bqpfq30fq53,https://storage.googleapis.com/labelbox-193903.appspot.com/cjtn8mnpenkfa07991d1gorsl%2F0ac4d200-ed6d-f0e5-0677-d7d4bc1bbe54-MendeManual-78.png,Skip,haberc@uw.edu,BilingualDataTagging,1561310251000,1561310251000,2.102,MendeManual-78.png,,,,,Mende,[],https://image-segmentation-v4.labelbox.com?project=cjtn8nulcnp0l0878dla0tap0&label=cjx97t7ksc0be0891b0p6zl0b
cjx97t99203jk0811l308zmb9,cjtn8nc0fofbz0bqpqzxdpmlp,https://storage.googleapis.com/labelbox-193903.appspot.com/cjtn8mnpenkfa07991d1gorsl%2F97590be6-0fce-af1a-9736-b7eae39ff920-MendeManual-77.png,Skip,haberc@uw.edu,BilingualDataTagging,1561310253000,1561310253000,1.981,MendeManual-77.png,,,,,Mende,[],https://image-segmentation-v4.labelbox.com?project=cjtn8nulcnp0l0878dla0tap0&label=cjx97t99203jk0811l308zmb9
cjx97tx4820dp0836tlqp1lpj,cjtn8nc0fofc30bqpz4mts80h,https://storage.googleapis.com/labelbox-193903.appspot.com/cjtn8mnpenkfa07991d1gorsl%2Fa306ffe9-8dc5-92e9-13dd-202a2009a3e4-MendeManual-76.png,"{""Table"":[{""select_how_many_columns"":""bi-columnar"",""geometry"":[{""x"":413,""y"":389},{""x"":2485,""y"":1370}]}]}",haberc@uw.edu,BilingualDataTagging,1561310284000,1561310284000,30.652,MendeManual-76.png,,,,,Mende,[],https://image-segmentation-v4.labelbox.com?project=cjtn8nulcnp0l0878dla0tap0&label=cjx97tx4820dp0836tlqp1lpj
cjx97ujvwdj0s0844hnqney26,cjtn8nc0fofc70bqp5h9dw904,https://storage.googleapis.com/labelbox-193903.appspot.com/cjtn8mnpenkfa07991d1gorsl%2Faa6a5b34-18ab-9316-5ec7-c50f4af1983d-MendeManual-75.png,"{""Table"":[{""select_how_many_columns"":""bi-columnar"",""geometry"":[{""x"":497,""y"":1083},{""x"":2649,""y"":2514}]},{""select_how_many_columns"":""bi-columnar"",""geometry"":[{""x"":491,""y"":2674},{""x"":491,""y"":2937},{""x"":2279,""y"":2937},{""x"":2279,""y"":2675}]}]}",haberc@uw.edu,BilingualDataTagging,1561310313000,1561310346000,29.216,MendeManual-75.png,,,,,Mende,[],https://image-segmentation-v4.labelbox.com?project=cjtn8nulcnp0l0878dla0tap0&label=cjx97ujvwdj0s0844hnqney26
cjx97wazj03xj0811j2fgpuw2,cjtn8nc0kofcb0bqpwunjve81,https://storage.googleapis.com/labelbox-193903.appspot.com/cjtn8mnpenkfa07991d1gorsl%2F44af4134-c1b8-804b-0670-f0c0cfa2a2a3-MendeManual-74.png,Skip,haberc@uw.edu,BilingualDataTagging,1561310395000,1561310395000,4.39,MendeManual-74.png,,,,,Mende,[],https://image-segmentation-v4.labelbox.com?project=cjtn8nulcnp0l0878dla0tap0&label=cjx97wazj03xj0811j2fgpuw2
cjx97x21fc1ab08919a4cr35g,cjtn8nc0kofcf0bqpfgb4w1qx,https://storage.googleapis.com/labelbox-193903.appspot.com/cjtn8mnpenkfa07991d1gorsl%2F4f7772c8-3c01-f03b-9643-18c52998a62c-MendeManual-73.png,Skip,haberc@uw.edu,BilingualDataTagging,1561310430000,1561310430000,34.641,MendeManual-73.png,,,,,Mende,[],https://image-segmentation-v4.labelbox.com?project=cjtn8nulcnp0l0878dla0tap0&label=cjx97x21fc1ab08919a4cr35g
cjx97yj3qdjhl0844j9uwhug5,cjtn8nc0kofcj0bqpc4scx39b,https://storage.googleapis.com/labelbox-193903.appspot.com/cjtn8mnpenkfa07991d1gorsl%2Fd7032851-bcd0-0d56-8160-ab1981ec4752-MendeManual-72.png,Skip,haberc@uw.edu,BilingualDataTagging,1561310499000,1561310499000,68.397,MendeManual-72.png,,,,,Mende,[],https://image-segmentation-v4.labelbox.com?project=cjtn8nulcnp0l0878dla0tap0&label=cjx97yj3qdjhl0844j9uwhug5
cjx97ylji1ewv0890aihxempf,cjtn8nc0kofcn0bqpnczvmlpr,https://storage.googleapis.com/labelbox-193903.appspot.com/cjtn8mnpenkfa07991d1gorsl%2F837b7bd7-d275-77dd-3fe6-2028ac54c863-MendeManual-71.png,Skip,haberc@uw.edu,BilingualDataTagging,1561310502000,1561310502000,2.818,MendeManual-71.png,,,,,Mende,[],https://image-segmentation-v4.labelbox.com?project=cjtn8nulcnp0l0878dla0tap0&label=cjx97ylji1ewv0890aihxempf
cjx97zib70v5d0800ztefjzkn,cjtn8nc0kofcr0bqpd85wr4ei,https://storage.googleapis.com/labelbox-193903.appspot.com/cjtn8mnpenkfa07991d1gorsl%2Fb581e144-40b3-dba0-91b5-9e99fa22f323-MendeManual-70.png,"{""Table"":[{""select_how_many_columns"":""bi-columnar"",""geometry"":[{""x"":479,""y"":370},{""x"":480,""y"":1605},{""x"":2629,""y"":1605},{""x"":2629,""y"":368}]},{""select_how_many_columns"":""bi-columnar"",""geometry"":[{""x"":480,""y"":1734},{""x"":2447,""y"":1918}]},{""select_how_many_columns"":""bi-columnar"",""geometry"":[{""x"":484,""y"":2082},{""x"":2589,""y"":2717}]}]}",haberc@uw.edu,BilingualDataTagging,1561310544000,1561310544000,42.183,MendeManual-70.png,,,,,Mende,[],https://image-segmentation-v4.labelbox.com?project=cjtn8nulcnp0l0878dla0tap0&label=cjx97zib70v5d0800ztefjzkn
cjx98017s1f1q0890brh9d2tk,cjtn8nc0lofcv0bqp0yvladfo,https://storage.googleapis.com/labelbox-193903.appspot.com/cjtn8mnpenkfa07991d1gorsl%2Ff050fadf-771b-8c2b-1f23-f44a917202b5-MendeManual-69.png,"{""Table"":[{""select_how_many_columns"":""bi-columnar"",""geometry"":[{""x"":480,""y"":390},{""x"":2486,""y"":546}]},{""select_how_many_columns"":""bi-columnar"",""geometry"":[{""x"":498,""y"":742},{""x"":2567,""y"":1150}]}]}",haberc@uw.edu,BilingualDataTagging,1561310569000,1561310569000,24.187,MendeManual-69.png,,,,,Mende,[],https://image-segmentation-v4.labelbox.com?project=cjtn8nulcnp0l0878dla0tap0&label=cjx98017s1f1q0890brh9d2tk
cjx980d9g21ih0836mdlezchs,cjtn8nc0lofcz0bqp65slrnck,https://storage.googleapis.com/labelbox-193903.appspot.com/cjtn8mnpenkfa07991d1gorsl%2Fb3afeb8d-67b2-3c35-949d-ee604877fffc-MendeManual-68.png,"{""Table"":[{""select_how_many_columns"":""bi-columnar"",""geometry"":[{""x"":798,""y"":407},{""x"":2445,""y"":1233}]}]}",haberc@uw.edu,BilingualDataTagging,1561310585000,1561310585000,15.291,MendeManual-68.png,,,,,Mende,[],https://image-segmentation-v4.labelbox.com?project=cjtn8nulcnp0l0878dla0tap0&label=cjx980d9g21ih0836mdlezchs
cjx980n210izb0a26sa4j1vuw,cjtn8nc0lofd30bqpqp1i5m95,https://storage.googleapis.com/labelbox-193903.appspot.com/cjtn8mnpenkfa07991d1gorsl%2F173b3ea0-7fc8-87e1-14a5-ccd43ea616cb-MendeManual-67.png,"{""Table"":[{""select_how_many_columns"":""bi-columnar"",""geometry"":[{""x"":481,""y"":219},{""x"":2637,""y"":1231}]},{""select_how_many_columns"":""bi-columnar"",""geometry"":[{""x"":788,""y"":1415},{""x"":2590,""y"":3434}]}]}",haberc@uw.edu,BilingualDataTagging,1561310597000,1561310622000,12.402,MendeManual-67.png,,,,,Mende,[],https://image-segmentation-v4.labelbox.com?project=cjtn8nulcnp0l0878dla0tap0&label=cjx980n210izb0a26sa4j1vuw
cjx982c5w21qq08361etunelm,cjtn8nc0lofd70bqpp7za43wc,https://storage.googleapis.com/labelbox-193903.appspot.com/cjtn8mnpenkfa07991d1gorsl%2F072b5065-2d3e-dfa5-3d4a-40a2228b08b8-MendeManual-66.png,"{""Table"":[{""select_how_many_columns"":""bi-columnar"",""geometry"":[{""x"":416,""y"":603},{""x"":2581,""y"":2365}]},{""select_how_many_columns"":""bi-columnar"",""geometry"":[{""x"":438,""y"":2549},{""x"":2638,""y"":3256}]}]}",haberc@uw.edu,BilingualDataTagging,1561310677000,1561310677000,41.26,MendeManual-66.png,,,,,Mende,[],https://image-segmentation-v4.labelbox.com?project=cjtn8nulcnp0l0878dla0tap0&label=cjx982c5w21qq08361etunelm
cjx982n8a0vio0800j60j6fif,cjtn8nc0lofdb0bqpgcg62ayo,https://storage.googleapis.com/labelbox-193903.appspot.com/cjtn8mnpenkfa07991d1gorsl%2F31648042-eb11-8571-abad-2442db157c18-MendeManual-65.png,"{""Table"":[{""select_how_many_columns"":""bi-columnar"",""geometry"":[{""x"":465,""y"":698},{""x"":2626,""y"":2419}]},{""select_how_many_columns"":""bi-columnar"",""geometry"":[{""x"":485,""y"":2569},{""x"":2609,""y"":3312}]}]}",haberc@uw.edu,BilingualDataTagging,1561310691000,1561310707000,13.956,MendeManual-65.png,,,,,Mende,[],https://image-segmentation-v4.labelbox.com?project=cjtn8nulcnp0l0878dla0tap0&label=cjx982n8a0vio0800j60j6fif
cjx987daq0joj0a26dtid0lyg,cjtn8nc0lofdf0bqpypnefylk,https://storage.googleapis.com/labelbox-193903.appspot.com/cjtn8mnpenkfa07991d1gorsl%2Fcb32ceb3-2c6d-c722-a879-b94ac8f7c355-MendeManual-64.png,Skip,haberc@uw.edu,BilingualDataTagging,1561310911000,1561310911000,4.691,MendeManual-64.png,,,,,Mende,[],https://image-segmentation-v4.labelbox.com?project=cjtn8nulcnp0l0878dla0tap0&label=cjx987daq0joj0a26dtid0lyg
cjx988iev22nr0836kmq6nzcv,cjtn8nc0lofdj0bqp28bffzz9,https://storage.googleapis.com/labelbox-193903.appspot.com/cjtn8mnpenkfa07991d1gorsl%2F35049c56-fdbf-9483-688a-6ca519179923-MendeManual-63.png,"{""Table"":[{""select_how_many_columns"":""quad-columnar"",""geometry"":[{""x"":462,""y"":352},{""x"":2475,""y"":870}]},{""select_how_many_columns"":""bi-columnar"",""geometry"":[{""x"":603,""y"":1128},{""x"":2348,""y"":1358}]},{""select_how_many_columns"":""bi-columnar"",""geometry"":[{""x"":610,""y"":1550},{""x"":2534,""y"":1840}]}]}",haberc@uw.edu,BilingualDataTagging,1561310965000,1561310965000,52.969,MendeManual-63.png,,,,,Mende,[],https://image-segmentation-v4.labelbox.com?project=cjtn8nulcnp0l0878dla0tap0&label=cjx988iev22nr0836kmq6nzcv
cjx989pvhdkjt0844qyfgmtcd,cjtn8nc0lofdn0bqpeln5dktn,https://storage.googleapis.com/labelbox-193903.appspot.com/cjtn8mnpenkfa07991d1gorsl%2Ffc0893a6-5883-97b5-24c5-ba2f38fb8cbf-MendeManual-62.png,"{""Table"":[{""select_how_many_columns"":""bi-columnar"",""geometry"":[{""x"":471,""y"":314},{""x"":2504,""y"":878}]},{""select_how_many_columns"":""bi-columnar"",""geometry"":[{""x"":463,""y"":1024},{""x"":2343,""y"":1212}]},{""select_how_many_columns"":""bi-columnar"",""geometry"":[{""x"":456,""y"":1376},{""x"":2635,""y"":2269}]},{""select_how_many_columns"":""bi-columnar"",""geometry"":[{""x"":455,""y"":2901},{""x"":2434,""y"":3174}]}]}",haberc@uw.edu,BilingualDataTagging,1561311021000,1561311021000,55.876,MendeManual-62.png,,,,,Mende,[],https://image-segmentation-v4.labelbox.com?project=cjtn8nulcnp0l0878dla0tap0&label=cjx989pvhdkjt0844qyfgmtcd
cjx989sc51gk30890dd43157g,cjtn8nc0lofdr0bqp2utpg9f1,https://storage.googleapis.com/labelbox-193903.appspot.com/cjtn8mnpenkfa07991d1gorsl%2Fa09a6776-c7cd-d6ae-db21-b51138f89c31-MendeManual-61.png,Skip,haberc@uw.edu,BilingualDataTagging,1561311024000,1561311024000,2.891,MendeManual-61.png,,,,,Mende,[],https://image-segmentation-v4.labelbox.com?project=cjtn8nulcnp0l0878dla0tap0&label=cjx989sc51gk30890dd43157g
cjx98aphh22wt0836qqx48nyb,cjtn8nc0lofdv0bqpjg3d17oc,https://storage.googleapis.com/labelbox-193903.appspot.com/cjtn8mnpenkfa07991d1gorsl%2F3645d629-63c4-f0c9-3de6-d09962fbbf0f-MendeManual-60.png,"{""Table"":[{""select_how_many_columns"":""bi-columnar"",""geometry"":[{""x"":746,""y"":1558},{""x"":745,""y"":3352},{""x"":2611,""y"":3352},{""x"":2611,""y"":1558}]}]}",haberc@uw.edu,BilingualDataTagging,1561311067000,1561311067000,42.595,MendeManual-60.png,,,,,Mende,[],https://image-segmentation-v4.labelbox.com?project=cjtn8nulcnp0l0878dla0tap0&label=cjx98aphh22wt0836qqx48nyb
cjx98b0noakzf0884jspyb5i3,cjtn8nc0lofdz0bqp5pr4tx5a,https://storage.googleapis.com/labelbox-193903.appspot.com/cjtn8mnpenkfa07991d1gorsl%2F7096f7fc-cf99-8b5b-e61d-0689e43536bd-MendeManual-59.png,"{""Table"":[{""select_how_many_columns"":""bi-columnar"",""geometry"":[{""x"":434,""y"":385},{""x"":2590,""y"":781}]}]}",haberc@uw.edu,BilingualDataTagging,1561311081000,1561311081000,14.19,MendeManual-59.png,,,,,Mende,[],https://image-segmentation-v4.labelbox.com?project=cjtn8nulcnp0l0878dla0tap0&label=cjx98b0noakzf0884jspyb5i3
cjx98b32006ch0811m3mevv03,cjtn8nc0lofe30bqpzhfambkk,https://storage.googleapis.com/labelbox-193903.appspot.com/cjtn8mnpenkfa07991d1gorsl%2Fe08cbe83-340e-2d34-00a1-625ab7cd14fd-MendeManual-58.png,Skip,haberc@uw.edu,BilingualDataTagging,1561311085000,1561311085000,2.885,MendeManual-58.png,,,,,Mende,[],https://image-segmentation-v4.labelbox.com?project=cjtn8nulcnp0l0878dla0tap0&label=cjx98b32006ch0811m3mevv03
cjx98bgok1gqh0890sibcij76,cjtn8nc0lofe70bqpwf0ygfp9,https://storage.googleapis.com/labelbox-193903.appspot.com/cjtn8mnpenkfa07991d1gorsl%2F2539a0f8-56f1-62d8-8852-b3df3da640d6-MendeManual-57.png,"{""Table"":[{""select_how_many_columns"":""bi-columnar"",""geometry"":[{""x"":747,""y"":685},{""x"":2623,""y"":3434}]}]}",haberc@uw.edu,BilingualDataTagging,1561311102000,1561311102000,17.217,MendeManual-57.png,,,,,Mende,[],https://image-segmentation-v4.labelbox.com?project=cjtn8nulcnp0l0878dla0tap0&label=cjx98bgok1gqh0890sibcij76
cjx98czdn0k9g0a268j31un5u,cjtn8nc0lofeb0bqpmh5r4u6c,https://storage.googleapis.com/labelbox-193903.appspot.com/cjtn8mnpenkfa07991d1gorsl%2Fd81f5761-8345-1621-da1a-f70d424dd141-MendeManual-56.png,"{""Table"":[{""select_how_many_columns"":""bi-columnar"",""geometry"":[{""x"":578,""y"":660},{""x"":2315,""y"":920}]},{""select_how_many_columns"":""bi-columnar"",""geometry"":[{""x"":629,""y"":1207},{""x"":2208,""y"":1449}]},{""select_how_many_columns"":""bi-columnar"",""geometry"":[{""x"":598,""y"":1861},{""x"":2154,""y"":2093}]},{""select_how_many_columns"":""bi-columnar"",""geometry"":[{""x"":598,""y"":2211},{""x"":2184,""y"":2418}]},{""select_how_many_columns"":""bi-columnar"",""geometry"":[{""x"":594,""y"":2505},{""x"":2150,""y"":2739}]},{""select_how_many_columns"":""bi-columnar"",""geometry"":[{""x"":600,""y"":2856},{""x"":2092,""y"":3089}]},{""select_how_many_columns"":""bi-columnar"",""geometry"":[{""x"":604,""y"":3212},{""x"":2584,""y"":3411}]}]}",haberc@uw.edu,BilingualDataTagging,1561311173000,1561311173000,70.556,MendeManual-56.png,,,,,Mende,[],https://image-segmentation-v4.labelbox.com?project=cjtn8nulcnp0l0878dla0tap0&label=cjx98czdn0k9g0a268j31un5u
cjx98duhd1h9e0890r9uaw3ob,cjtn8nc0lofef0bqpvk1olgad,https://storage.googleapis.com/labelbox-193903.appspot.com/cjtn8mnpenkfa07991d1gorsl%2F29feae2e-5515-0f7f-76bc-1d72ac4380ea-MendeManual-55.png,"{""Table"":[{""select_how_many_columns"":""bi-columnar"",""geometry"":[{""x"":414,""y"":553},{""x"":2426,""y"":778}]},{""select_how_many_columns"":""bi-columnar"",""geometry"":[{""x"":439,""y"":1318},{""x"":2566,""y"":1612}]},{""select_how_many_columns"":""bi-columnar"",""geometry"":[{""x"":462,""y"":2136},{""x"":2303,""y"":2428}]},{""select_how_many_columns"":""bi-columnar"",""geometry"":[{""x"":637,""y"":2591},{""x"":2259,""y"":2872}]}]}",haberc@uw.edu,BilingualDataTagging,1561311213000,1561311213000,39.991,MendeManual-55.png,,,,,Mende,[],https://image-segmentation-v4.labelbox.com?project=cjtn8nulcnp0l0878dla0tap0&label=cjx98duhd1h9e0890r9uaw3ob
cjx98ftutc4x20891f9nfaark,cjtn8nc0lofej0bqpxf0ffuvs,https://storage.googleapis.com/labelbox-193903.appspot.com/cjtn8mnpenkfa07991d1gorsl%2Fc1df011f-bba2-4242-edbc-f9231e3903b8-MendeManual-54.png,"{""Table"":[{""select_how_many_columns"":""bi-columnar"",""geometry"":[{""x"":760,""y"":407},{""x"":1590,""y"":710}]},{""select_how_many_columns"":""bi-columnar"",""geometry"":[{""x"":469,""y"":702},{""x"":2304,""y"":1064}]},{""select_how_many_columns"":""bi-columnar"",""geometry"":[{""x"":710,""y"":1312},{""x"":2521,""y"":1456}]},{""select_how_many_columns"":""bi-columnar"",""geometry"":[{""x"":473,""y"":1714},{""x"":2577,""y"":2126}]},{""select_how_many_columns"":""bi-columnar"",""geometry"":[{""x"":791,""y"":2235},{""x"":2449,""y"":2679}]},{""select_how_many_columns"":""bi-columnar"",""geometry"":[{""x"":465,""y"":2874},{""x"":2517,""y"":3091}]},{""select_how_many_columns"":""bi-columnar"",""geometry"":[{""x"":453,""y"":3221},{""x"":2507,""y"":3502}]}]}",haberc@uw.edu,BilingualDataTagging,1561311306000,1561311306000,92.153,MendeManual-54.png,,,,,Mende,[],https://image-segmentation-v4.labelbox.com?project=cjtn8nulcnp0l0878dla0tap0&label=cjx98ftutc4x20891f9nfaark
cjx98gh5h07y50811i1b69bry,cjtn8nc0lofen0bqpbwzul8hc,https://storage.googleapis.com/labelbox-193903.appspot.com/cjtn8mnpenkfa07991d1gorsl%2F44357123-c09d-c7f5-acfc-acf9ca2863d0-MendeManual-53.png,"{""Table"":[{""select_how_many_columns"":""bi-columnar"",""geometry"":[{""x"":736,""y"":597},{""x"":2246,""y"":1187}]},{""select_how_many_columns"":""bi-columnar"",""geometry"":[{""x"":641,""y"":1768},{""x"":2474,""y"":2073}]},{""select_how_many_columns"":""bi-columnar"",""geometry"":[{""x"":443,""y"":2769},{""x"":1896,""y"":2932}]}]}",haberc@uw.edu,BilingualDataTagging,1561311336000,1561311336000,29.869,MendeManual-53.png,,,,,Mende,[],https://image-segmentation-v4.labelbox.com?project=cjtn8nulcnp0l0878dla0tap0&label=cjx98gh5h07y50811i1b69bry
cjx98hfbl1hl20890776cf859,cjtn8nc0lofer0bqpd9b2kot5,https://storage.googleapis.com/labelbox-193903.appspot.com/cjtn8mnpenkfa07991d1gorsl%2F6f1d9b8d-b939-01c9-2b40-c467a300adcc-MendeManual-52.png,"{""Table"":[{""select_how_many_columns"":""bi-columnar"",""geometry"":[{""x"":758,""y"":480},{""x"":1518,""y"":943}]},{""select_how_many_columns"":""bi-columnar"",""geometry"":[{""x"":438,""y"":1136},{""x"":2561,""y"":1595}]},{""select_how_many_columns"":""quad-columnar"",""geometry"":[{""x"":769,""y"":1766},{""x"":2544,""y"":2127}]},{""select_how_many_columns"":""bi-columnar"",""geometry"":[{""x"":763,""y"":2140},{""x"":2504,""y"":2633}]},{""select_how_many_columns"":""bi-columnar"",""geometry"":[{""x"":667,""y"":2931},{""x"":2517,""y"":3395}]}]}",haberc@uw.edu,BilingualDataTagging,1561311380000,1561311440000,44.02,MendeManual-52.png,,,,,Mende,[],https://image-segmentation-v4.labelbox.com?project=cjtn8nulcnp0l0878dla0tap0&label=cjx98hfbl1hl20890776cf859
cjx98jd1e0l190a264z6et66p,cjtn8nc0mofev0bqpyp55xn10,https://storage.googleapis.com/labelbox-193903.appspot.com/cjtn8mnpenkfa07991d1gorsl%2Ff8c50edc-38ae-4f09-782c-6eeea60e7ca3-MendeManual-51.png,"{""Table"":[{""select_how_many_columns"":""bi-columnar"",""geometry"":[{""x"":647,""y"":1133},{""x"":2602,""y"":2706}]},{""select_how_many_columns"":""bi-columnar"",""geometry"":[{""x"":448,""y"":2911},{""x"":2407,""y"":3119}]}]}",haberc@uw.edu,BilingualDataTagging,1561311471000,1561311471000,27.244,MendeManual-51.png,,,,,Mende,[],https://image-segmentation-v4.labelbox.com?project=cjtn8nulcnp0l0878dla0tap0&label=cjx98jd1e0l190a264z6et66p
cjx98jfdsc5ds0891grsw1uxo,cjtn8nc0mofez0bqp6gwowfwj,https://storage.googleapis.com/labelbox-193903.appspot.com/cjtn8mnpenkfa07991d1gorsl%2F6f2ebd2f-e5ae-2beb-ccaf-ce2762b7b203-MendeManual-50.png,Skip,haberc@uw.edu,BilingualDataTagging,1561311474000,1561311474000,2.822,MendeManual-50.png,,,,,Mende,[],https://image-segmentation-v4.labelbox.com?project=cjtn8nulcnp0l0878dla0tap0&label=cjx98jfdsc5ds0891grsw1uxo
cjx98jotn0l300a26hd8atpvp,cjtn8nc0moff30bqplaj7qgt6,https://storage.googleapis.com/labelbox-193903.appspot.com/cjtn8mnpenkfa07991d1gorsl%2F02d540f0-6d29-2ced-de6c-f7cde6057e58-MendeManual-49.png,"{""Table"":[{""select_how_many_columns"":""bi-columnar"",""geometry"":[{""x"":743,""y"":647},{""x"":2449,""y"":2519}]}]}",haberc@uw.edu,BilingualDataTagging,1561311486000,1561311486000,11.948,MendeManual-49.png,,,,,Mende,[],https://image-segmentation-v4.labelbox.com?project=cjtn8nulcnp0l0878dla0tap0&label=cjx98jotn0l300a26hd8atpvp
cjx98jzffdly00844c4vzn196,cjtn8nc0moff70bqphzy0rkmi,https://storage.googleapis.com/labelbox-193903.appspot.com/cjtn8mnpenkfa07991d1gorsl%2F9830e895-9ebb-b536-5f04-6c17b5fae3c9-MendeManual-48.png,"{""Table"":[{""select_how_many_columns"":""bi-columnar"",""geometry"":[{""x"":586,""y"":666},{""x"":2542,""y"":1893}]},{""select_how_many_columns"":""bi-columnar"",""geometry"":[{""x"":578,""y"":2006},{""x"":2358,""y"":2217}]},{""select_how_many_columns"":""bi-columnar"",""geometry"":[{""x"":400,""y"":2358},{""x"":400,""y"":3069},{""x"":2583,""y"":3069},{""x"":2583,""y"":2357}]}]}",haberc@uw.edu,BilingualDataTagging,1561311500000,1561311535000,13.485,MendeManual-48.png,,,,,Mende,[],https://image-segmentation-v4.labelbox.com?project=cjtn8nulcnp0l0878dla0tap0&label=cjx98jzffdly00844c4vzn196
cjx98kzxeanqx0884gey7j4yj,cjtn8nc0moffb0bqpi7m2vo2k,https://storage.googleapis.com/labelbox-193903.appspot.com/cjtn8mnpenkfa07991d1gorsl%2F0784fe65-2a4e-1a59-f627-bcd04f17056d-MendeManual-47.png,Skip,haberc@uw.edu,BilingualDataTagging,1561311547000,1561311547000,8.649,MendeManual-47.png,,,,,Mende,[],https://image-segmentation-v4.labelbox.com?project=cjtn8nulcnp0l0878dla0tap0&label=cjx98kzxeanqx0884gey7j4yj
cjx98lkrz0xn508009u4b0s01,cjtn8nc0mofff0bqp5hz012mk,https://storage.googleapis.com/labelbox-193903.appspot.com/cjtn8mnpenkfa07991d1gorsl%2F27152098-bed4-7133-5fba-63621f4efbd2-MendeManual-46.png,"{""Table"":[{""select_how_many_columns"":""bi-columnar"",""geometry"":[{""x"":588,""y"":1563},{""x"":2144,""y"":2098}]},{""select_how_many_columns"":""bi-columnar"",""geometry"":[{""x"":704,""y"":2345},{""x"":2151,""y"":2497}]},{""select_how_many_columns"":""bi-columnar"",""geometry"":[{""x"":690,""y"":2585},{""x"":2079,""y"":2732}]},{""select_how_many_columns"":""bi-columnar"",""geometry"":[{""x"":695,""y"":2811},{""x"":2530,""y"":2951}]},{""select_how_many_columns"":""bi-columnar"",""geometry"":[{""x"":595,""y"":3153},{""x"":1865,""y"":3314}]}]}",haberc@uw.edu,BilingualDataTagging,1561311574000,1561311629000,26.598,MendeManual-46.png,,,,,Mende,[],https://image-segmentation-v4.labelbox.com?project=cjtn8nulcnp0l0878dla0tap0&label=cjx98lkrz0xn508009u4b0s01
cjx98o1eldmfs0844rb65s468,cjtn8nc0moffj0bqpovozwhe1,https://storage.googleapis.com/labelbox-193903.appspot.com/cjtn8mnpenkfa07991d1gorsl%2F64920d6f-79d9-9c2f-2f6e-7403712ac043-MendeManual-45.png,"{""Table"":[{""select_how_many_columns"":""bi-columnar"",""geometry"":[{""x"":892,""y"":412},{""x"":1285,""y"":1117}]},{""select_how_many_columns"":""bi-columnar"",""geometry"":[{""x"":1693,""y"":401},{""x"":2059,""y"":1089}]},{""select_how_many_columns"":""tri-columnar"",""geometry"":[{""x"":596,""y"":1823},{""x"":2341,""y"":2524}]}]}",haberc@uw.edu,BilingualDataTagging,1561311689000,1561311689000,56.208,MendeManual-45.png,,,,,Mende,[],https://image-segmentation-v4.labelbox.com?project=cjtn8nulcnp0l0878dla0tap0&label=cjx98o1eldmfs0844rb65s468
cjx98p2b6ao7x0884031hlfor,cjtn8nc0moffn0bqpzlakjyss,https://storage.googleapis.com/labelbox-193903.appspot.com/cjtn8mnpenkfa07991d1gorsl%2F29df64fb-466c-3c7b-285c-29d6050446a6-MendeManual-44.png,"{""Table"":[{""select_how_many_columns"":""tri-columnar"",""geometry"":[{""x"":666,""y"":533},{""x"":2471,""y"":885}]},{""select_how_many_columns"":""tri-columnar"",""geometry"":[{""x"":705,""y"":1136},{""x"":2402,""y"":1364}]},{""select_how_many_columns"":""tri-columnar"",""geometry"":[{""x"":704,""y"":1604},{""x"":2352,""y"":1765}]},{""select_how_many_columns"":""tri-columnar"",""geometry"":[{""x"":849,""y"":1964},{""x"":1985,""y"":2139}]}]}",haberc@uw.edu,BilingualDataTagging,1561311737000,1561311737000,47.468,MendeManual-44.png,,,,,Mende,[],https://image-segmentation-v4.labelbox.com?project=cjtn8nulcnp0l0878dla0tap0&label=cjx98p2b6ao7x0884031hlfor
cjx98q6araodl0884l0w113wf,cjtn8nc0moffr0bqpiv1fw60n,https://storage.googleapis.com/labelbox-193903.appspot.com/cjtn8mnpenkfa07991d1gorsl%2Ffbc8b627-1023-fc9c-8872-776cb5b0197d-MendeManual-43.png,"{""Table"":[{""select_how_many_columns"":""bi-columnar"",""geometry"":[{""x"":694,""y"":470},{""x"":1996,""y"":965}]},{""select_how_many_columns"":""bi-columnar"",""geometry"":[{""x"":707,""y"":1264},{""x"":2542,""y"":1836}]},{""select_how_many_columns"":""bi-columnar"",""geometry"":[{""x"":727,""y"":2082},{""x"":2190,""y"":2369}]},{""select_how_many_columns"":""quad-columnar"",""geometry"":[{""x"":739,""y"":2963},{""x"":739,""y"":3247},{""x"":2395,""y"":3250},{""x"":2392,""y"":2963}]}]}",haberc@uw.edu,BilingualDataTagging,1561311789000,1561311789000,51.448,MendeManual-43.png,,,,,Mende,[],https://image-segmentation-v4.labelbox.com?project=cjtn8nulcnp0l0878dla0tap0&label=cjx98q6araodl0884l0w113wf
cjx98qo1s1inf0890zc7i9dbf,cjtn8nc0moffv0bqpqlt8cah3,https://storage.googleapis.com/labelbox-193903.appspot.com/cjtn8mnpenkfa07991d1gorsl%2F8b33da61-8d3a-afed-0396-0bbb4b666b21-MendeManual-42.png,"{""Table"":[{""select_how_many_columns"":""bi-columnar"",""geometry"":[{""x"":430,""y"":380},{""x"":2582,""y"":1363}]},{""select_how_many_columns"":""bi-columnar"",""geometry"":[{""x"":443,""y"":2030},{""x"":2425,""y"":2605}]},{""select_how_many_columns"":""bi-columnar"",""geometry"":[{""x"":449,""y"":2944},{""x"":2498,""y"":3469}]}]}",haberc@uw.edu,BilingualDataTagging,1561311812000,1561311812000,22.588,MendeManual-42.png,,,,,Mende,[],https://image-segmentation-v4.labelbox.com?project=cjtn8nulcnp0l0878dla0tap0&label=cjx98qo1s1inf0890zc7i9dbf
cjx98rf7f25660836gb7bjeuv,cjtn8nc0moffz0bqpmip7ti1u,https://storage.googleapis.com/labelbox-193903.appspot.com/cjtn8mnpenkfa07991d1gorsl%2F8cde52fe-c259-b6d6-3e94-0cf4c1c0dca5-MendeManual-41.png,"{""Table"":[{""select_how_many_columns"":""bi-columnar"",""geometry"":[{""x"":688,""y"":232},{""x"":2522,""y"":1086}]},{""select_how_many_columns"":""bi-columnar"",""geometry"":[{""x"":734,""y"":1246},{""x"":2562,""y"":2065}]},{""select_how_many_columns"":""bi-columnar"",""geometry"":[{""x"":455,""y"":2183},{""x"":2272,""y"":2849}]}]}",haberc@uw.edu,BilingualDataTagging,1561311847000,1561311847000,34.908,MendeManual-41.png,,,,,Mende,[],https://image-segmentation-v4.labelbox.com?project=cjtn8nulcnp0l0878dla0tap0&label=cjx98rf7f25660836gb7bjeuv
cjx98rxrtc6at0891k06cqgri,cjtn8nc0mofg30bqpf95xmhg9,https://storage.googleapis.com/labelbox-193903.appspot.com/cjtn8mnpenkfa07991d1gorsl%2Ff0306021-74e1-6bd3-6c2d-1693a62df497-MendeManual-40.png,"{""Table"":[{""select_how_many_columns"":""bi-columnar"",""geometry"":[{""x"":597,""y"":1486},{""x"":2559,""y"":2355}]},{""select_how_many_columns"":""bi-columnar"",""geometry"":[{""x"":745,""y"":2554},{""x"":2577,""y"":3207}]}]}",haberc@uw.edu,BilingualDataTagging,1561311871000,1561311871000,23.789,MendeManual-40.png,,,,,Mende,[],https://image-segmentation-v4.labelbox.com?project=cjtn8nulcnp0l0878dla0tap0&label=cjx98rxrtc6at0891k06cqgri
cjx98s02mc6bc0891rvkkqkt6,cjtn8nc0mofg70bqpqly5p6ge,https://storage.googleapis.com/labelbox-193903.appspot.com/cjtn8mnpenkfa07991d1gorsl%2F9abefcc4-1827-a77c-8264-047bb00a3e41-MendeManual-39.png,Skip,haberc@uw.edu,BilingualDataTagging,1561311874000,1561311874000,2.773,MendeManual-39.png,,,,,Mende,[],https://image-segmentation-v4.labelbox.com?project=cjtn8nulcnp0l0878dla0tap0&label=cjx98s02mc6bc0891rvkkqkt6
cjx98s80pdmyg0844sngz46aq,cjtn8nc0mofgb0bqpx7z3m5v7,https://storage.googleapis.com/labelbox-193903.appspot.com/cjtn8mnpenkfa07991d1gorsl%2F009cc8fa-5bdb-c5fb-0b1c-db61bab063d2-MendeManual-38.png,"{""Table"":[{""select_how_many_columns"":""quad-columnar"",""geometry"":[{""x"":453,""y"":835},{""x"":2079,""y"":1187}]},{""select_how_many_columns"":""tri-columnar"",""geometry"":[{""x"":454,""y"":1434},{""x"":1851,""y"":1690}]},{""select_how_many_columns"":""tri-columnar"",""geometry"":[{""x"":453,""y"":1796},{""x"":1789,""y"":2104}]},{""select_how_many_columns"":""tri-columnar"",""geometry"":[{""x"":463,""y"":2208},{""x"":1809,""y"":2393}]}]}",haberc@uw.edu,BilingualDataTagging,1561311884000,1561311938000,9.933,MendeManual-38.png,,,,,Mende,[],https://image-segmentation-v4.labelbox.com?project=cjtn8nulcnp0l0878dla0tap0&label=cjx98s80pdmyg0844sngz46aq
cjx98tym6aou30884g335y8s0,cjtn8nc0mofgf0bqp1to2e4u5,https://storage.googleapis.com/labelbox-193903.appspot.com/cjtn8mnpenkfa07991d1gorsl%2F80111211-95d8-8961-c330-a92c69cbfad0-MendeManual-37.png,"{""Table"":[{""select_how_many_columns"":""quad-columnar"",""geometry"":[{""x"":542,""y"":454},{""x"":2514,""y"":1171}]},{""select_how_many_columns"":""bi-columnar"",""geometry"":[{""x"":412,""y"":1356},{""x"":1556,""y"":2294}]},{""select_how_many_columns"":""bi-columnar"",""geometry"":[{""x"":430,""y"":2580},{""x"":1990,""y"":3403}]}]}",haberc@uw.edu,BilingualDataTagging,1561311965000,1561311965000,22.982,MendeManual-37.png,,,,,Mende,[],https://image-segmentation-v4.labelbox.com?project=cjtn8nulcnp0l0878dla0tap0&label=cjx98tym6aou30884g335y8s0
cjx98uewi1j0w089090yltqpl,cjtn8nc0mofgj0bqpuv5v27d3,https://storage.googleapis.com/labelbox-193903.appspot.com/cjtn8mnpenkfa07991d1gorsl%2Fe19e5fd3-1c1e-7a55-1dac-8e73059fb679-MendeManual-36.png,"{""Table"":[{""select_how_many_columns"":""bi-columnar"",""geometry"":[{""x"":674,""y"":799},{""x"":1266,""y"":1273}]},{""select_how_many_columns"":""bi-columnar"",""geometry"":[{""x"":701,""y"":1454},{""x"":1266,""y"":1907}]},{""select_how_many_columns"":""bi-columnar"",""geometry"":[{""x"":398,""y"":2275},{""x"":2248,""y"":2994}]}]}",haberc@uw.edu,BilingualDataTagging,1561311986000,1561311986000,20.71,MendeManual-36.png,,,,,Mende,[],https://image-segmentation-v4.labelbox.com?project=cjtn8nulcnp0l0878dla0tap0&label=cjx98uewi1j0w089090yltqpl
cjx98uxkq0mch0a268m9yc69t,cjtn8nc0mofgn0bqpgiphvhc2,https://storage.googleapis.com/labelbox-193903.appspot.com/cjtn8mnpenkfa07991d1gorsl%2F82731bab-5b9e-f6b6-ed1b-a85a66cc6c3d-MendeManual-35.png,"{""Table"":[{""select_how_many_columns"":""bi-columnar"",""geometry"":[{""x"":396,""y"":691},{""x"":2236,""y"":1130}]},{""select_how_many_columns"":""bi-columnar"",""geometry"":[{""x"":683,""y"":1471},{""x"":1849,""y"":2133}]},{""select_how_many_columns"":""bi-columnar"",""geometry"":[{""x"":661,""y"":2573},{""x"":2102,""y"":3150}]}]}",haberc@uw.edu,BilingualDataTagging,1561312011000,1561312011000,23.768,MendeManual-35.png,,,,,Mende,[],https://image-segmentation-v4.labelbox.com?project=cjtn8nulcnp0l0878dla0tap0&label=cjx98uxkq0mch0a268m9yc69t
cjx98v0kd09re0811vqks9fep,cjtn8nc0mofgr0bqpdpso5n1j,https://storage.googleapis.com/labelbox-193903.appspot.com/cjtn8mnpenkfa07991d1gorsl%2Fe1a42b28-22de-ab36-cd99-42cab8b4bd12-MendeManual-34.png,Skip,haberc@uw.edu,BilingualDataTagging,1561312014000,1561312014000,3.572,MendeManual-34.png,,,,,Mende,[],https://image-segmentation-v4.labelbox.com?project=cjtn8nulcnp0l0878dla0tap0&label=cjx98v0kd09re0811vqks9fep
cjx98vm1g0meo0a26odfz9f1h,cjtn8nc0mofgv0bqp8sxsrlkt,https://storage.googleapis.com/labelbox-193903.appspot.com/cjtn8mnpenkfa07991d1gorsl%2Fb752e290-4d9c-702b-b3b2-4bc984dd4ff0-MendeManual-33.png,"{""Table"":[{""select_how_many_columns"":""bi-columnar"",""geometry"":[{""x"":598,""y"":1107},{""x"":2491,""y"":2114}]},{""select_how_many_columns"":""bi-columnar"",""geometry"":[{""x"":371,""y"":2307},{""x"":2033,""y"":2674}]}]}",haberc@uw.edu,BilingualDataTagging,1561312042000,1561312042000,27.517,MendeManual-33.png,,,,,Mende,[],https://image-segmentation-v4.labelbox.com?project=cjtn8nulcnp0l0878dla0tap0&label=cjx98vm1g0meo0a26odfz9f1h
cjx98w6x425p708368y5dkpua,cjtn8nc0mofgz0bqp85vs6idr,https://storage.googleapis.com/labelbox-193903.appspot.com/cjtn8mnpenkfa07991d1gorsl%2Fd84051a8-0cf7-d3cd-d5b8-0c0dd9a45656-MendeManual-32.png,"{""Table"":[{""select_how_many_columns"":""bi-columnar"",""geometry"":[{""x"":715,""y"":1355},{""x"":2618,""y"":2258}]}]}",haberc@uw.edu,BilingualDataTagging,1561312069000,1561312069000,26.783,MendeManual-32.png,,,,,Mende,[],https://image-segmentation-v4.labelbox.com?project=cjtn8nulcnp0l0878dla0tap0&label=cjx98w6x425p708368y5dkpua
cjx98w9mddne40844oxrkhkvb,cjtn8nc0nofh30bqpmpu93xs5,https://storage.googleapis.com/labelbox-193903.appspot.com/cjtn8mnpenkfa07991d1gorsl%2F1399b6e9-f106-51c4-665f-5e0db8c463ae-MendeManual-31.png,Skip,haberc@uw.edu,BilingualDataTagging,1561312073000,1561312073000,3.125,MendeManual-31.png,,,,,Mende,[],https://image-segmentation-v4.labelbox.com?project=cjtn8nulcnp0l0878dla0tap0&label=cjx98w9mddne40844oxrkhkvb
cjx98wtl0dngm0844a1h7eavl,cjtn8nc0nofh70bqpjpi2bt42,https://storage.googleapis.com/labelbox-193903.appspot.com/cjtn8mnpenkfa07991d1gorsl%2F64969bcc-c8c8-a1b4-f236-850475664caf-MendeManual-30.png,"{""Table"":[{""select_how_many_columns"":""bi-columnar"",""geometry"":[{""x"":608,""y"":1495},{""x"":2570,""y"":3016}]},{""select_how_many_columns"":""bi-columnar"",""geometry"":[{""x"":406,""y"":3185},{""x"":2245,""y"":3623}]}]}",haberc@uw.edu,BilingualDataTagging,1561312099000,1561312099000,25.579,MendeManual-30.png,,,,,Mende,[],https://image-segmentation-v4.labelbox.com?project=cjtn8nulcnp0l0878dla0tap0&label=cjx98wtl0dngm0844a1h7eavl
cjx98xgvc1jcz0890xv5sttow,cjtn8nc0nofhb0bqpzgofdxqo,https://storage.googleapis.com/labelbox-193903.appspot.com/cjtn8mnpenkfa07991d1gorsl%2Ff3e3149d-04c8-52ca-c043-083f959303f6-MendeManual-29.png,"{""Table"":[{""select_how_many_columns"":""bi-columnar"",""geometry"":[{""x"":665,""y"":1548},{""x"":1031,""y"":1789}]},{""select_how_many_columns"":""bi-columnar"",""geometry"":[{""x"":1248,""y"":1538},{""x"":1753,""y"":1756}]},{""select_how_many_columns"":""bi-columnar"",""geometry"":[{""x"":403,""y"":1851},{""x"":2462,""y"":2192}]}]}",haberc@uw.edu,BilingualDataTagging,1561312129000,1561312129000,29.726,MendeManual-29.png,,,,,Mende,[],https://image-segmentation-v4.labelbox.com?project=cjtn8nulcnp0l0878dla0tap0&label=cjx98xgvc1jcz0890xv5sttow
cjx98y1voap8v08845mp1enup,cjtn8nc0nofhf0bqp98h0xfdn,https://storage.googleapis.com/labelbox-193903.appspot.com/cjtn8mnpenkfa07991d1gorsl%2F678221f4-2b40-73dc-07fa-11e1ef7bf5b3-MendeManual-28.png,"{""Table"":[{""select_how_many_columns"":""bi-columnar"",""geometry"":[{""x"":688,""y"":724},{""x"":2537,""y"":1030}]},{""select_how_many_columns"":""bi-columnar"",""geometry"":[{""x"":693,""y"":1200},{""x"":2566,""y"":2139}]},{""select_how_many_columns"":""bi-columnar"",""geometry"":[{""x"":576,""y"":2319},{""x"":1565,""y"":3327}]}]}",haberc@uw.edu,BilingualDataTagging,1561312156000,1561312156000,26.876,MendeManual-28.png,,,,,Mende,[],https://image-segmentation-v4.labelbox.com?project=cjtn8nulcnp0l0878dla0tap0&label=cjx98y1voap8v08845mp1enup
cjx98y473dnll0844dcsh9a27,cjtn8nc0nofhj0bqpdkvoc9x3,https://storage.googleapis.com/labelbox-193903.appspot.com/cjtn8mnpenkfa07991d1gorsl%2F550365b1-7d08-e354-9610-ce5b218c8af0-MendeManual-27.png,Skip,haberc@uw.edu,BilingualDataTagging,1561312159000,1561312159000,2.648,MendeManual-27.png,,,,,Mende,[],https://image-segmentation-v4.labelbox.com?project=cjtn8nulcnp0l0878dla0tap0&label=cjx98y473dnll0844dcsh9a27
cjx98yk850mpc0a26s1a1mxsd,cjtn8nc0nofhn0bqpu51ksg8r,https://storage.googleapis.com/labelbox-193903.appspot.com/cjtn8mnpenkfa07991d1gorsl%2Fc57baf53-80bb-1502-4bfb-04f80bf57f59-MendeManual-26.png,"{""Table"":[{""select_how_many_columns"":""tri-columnar"",""geometry"":[{""x"":685,""y"":547},{""x"":2033,""y"":907}]},{""select_how_many_columns"":""bi-columnar"",""geometry"":[{""x"":416,""y"":918},{""x"":2344,""y"":1081}]}]}",haberc@uw.edu,BilingualDataTagging,1561312180000,1561312180000,20.44,MendeManual-26.png,,,,,Mende,[],https://image-segmentation-v4.labelbox.com?project=cjtn8nulcnp0l0878dla0tap0&label=cjx98yk850mpc0a26s1a1mxsd
cjx98zos10z8i0800nmgtkudg,cjtn8nc0nofhr0bqpm1q6p9ic,https://storage.googleapis.com/labelbox-193903.appspot.com/cjtn8mnpenkfa07991d1gorsl%2Ffc9868d1-02a2-d387-515b-e6584ed8d4f6-MendeManual-25.png,"{""Table"":[{""select_how_many_columns"":""bi-columnar"",""geometry"":[{""x"":553,""y"":687},{""x"":2464,""y"":852}]},{""select_how_many_columns"":""bi-columnar"",""geometry"":[{""x"":562,""y"":1065},{""x"":2601,""y"":1274}]},{""select_how_many_columns"":""bi-columnar"",""geometry"":[{""x"":566,""y"":1416},{""x"":2660,""y"":1761}]},{""select_how_many_columns"":""bi-columnar"",""geometry"":[{""x"":572,""y"":2012},{""x"":2030,""y"":2172}]},{""select_how_many_columns"":""bi-columnar"",""geometry"":[{""x"":576,""y"":2373},{""x"":2655,""y"":2680}]},{""select_how_many_columns"":""bi-columnar"",""geometry"":[{""x"":718,""y"":3021},{""x"":1077,""y"":3224}]},{""select_how_many_columns"":""bi-columnar"",""geometry"":[{""x"":1151,""y"":3018},{""x"":2630,""y"":3350}]}]}",haberc@uw.edu,BilingualDataTagging,1561312232000,1561312232000,52.175,MendeManual-25.png,,,,,Mende,[],https://image-segmentation-v4.labelbox.com?project=cjtn8nulcnp0l0878dla0tap0&label=cjx98zos10z8i0800nmgtkudg
cjx990878dnss0844zztwjtz3,cjtn8nc0nofhv0bqpwbntgaoi,https://storage.googleapis.com/labelbox-193903.appspot.com/cjtn8mnpenkfa07991d1gorsl%2F48038cf9-a33c-6e29-ee0d-f9d7ae5520ac-MendeManual-24.png,"{""Table"":[{""select_how_many_columns"":""bi-columnar"",""geometry"":[{""x"":600,""y"":225},{""x"":2542,""y"":1225}]},{""select_how_many_columns"":""bi-columnar"",""geometry"":[{""x"":387,""y"":1341},{""x"":2112,""y"":1957}]},{""select_how_many_columns"":""bi-columnar"",""geometry"":[{""x"":1053,""y"":2133},{""x"":1868,""y"":2526}]},{""select_how_many_columns"":""bi-columnar"",""geometry"":[{""x"":429,""y"":2542},{""x"":2458,""y"":3423}]}]}",haberc@uw.edu,BilingualDataTagging,1561312258000,1561312258000,24.875,MendeManual-24.png,,,,,Mende,[],https://image-segmentation-v4.labelbox.com?project=cjtn8nulcnp0l0878dla0tap0&label=cjx990878dnss0844zztwjtz3
cjx990pnmdnum0844hgbsjj01,cjtn8nc0nofhz0bqp8j4wjcch,https://storage.googleapis.com/labelbox-193903.appspot.com/cjtn8mnpenkfa07991d1gorsl%2F9b5b0b73-744f-0a6c-5b69-9a213a8ec2cd-MendeManual-23.png,"{""Table"":[{""select_how_many_columns"":""bi-columnar"",""geometry"":[{""x"":612,""y"":1413},{""x"":612,""y"":3438},{""x"":2571,""y"":3438},{""x"":2571,""y"":1412}]}]}",haberc@uw.edu,BilingualDataTagging,1561312280000,1561312280000,22.118,MendeManual-23.png,,,,,Mende,[],https://image-segmentation-v4.labelbox.com?project=cjtn8nulcnp0l0878dla0tap0&label=cjx990pnmdnum0844hgbsjj01
cjx991mcadny20844r5bsvz6t,cjtn8nc0nofi30bqps9wapwry,https://storage.googleapis.com/labelbox-193903.appspot.com/cjtn8mnpenkfa07991d1gorsl%2Faffec7aa-f8a7-5d7f-1c9f-aadb558b0a4d-MendeManual-22.png,"{""Table"":[{""select_how_many_columns"":""quad-columnar"",""geometry"":[{""x"":435,""y"":379},{""x"":2491,""y"":780}]},{""select_how_many_columns"":""bi-columnar"",""geometry"":[{""x"":464,""y"":807},{""x"":2297,""y"":2079}]},{""select_how_many_columns"":""bi-columnar"",""geometry"":[{""x"":644,""y"":2220},{""x"":1870,""y"":2895}]}]}",haberc@uw.edu,BilingualDataTagging,1561312323000,1561312323000,41.92,MendeManual-22.png,,,,,Mende,[],https://image-segmentation-v4.labelbox.com?project=cjtn8nulcnp0l0878dla0tap0&label=cjx991mcadny20844r5bsvz6t
cjx991z111jq708900uxx9tro,cjtn8nc0nofi70bqpsy1yyp8x,https://storage.googleapis.com/labelbox-193903.appspot.com/cjtn8mnpenkfa07991d1gorsl%2Ffa807584-52cb-6267-1745-19ebdaa41d2a-MendeManual-21.png,"{""Table"":[{""select_how_many_columns"":""bi-columnar"",""geometry"":[{""x"":619,""y"":1455},{""x"":2472,""y"":3028}]},{""select_how_many_columns"":""bi-columnar"",""geometry"":[{""x"":552,""y"":3210},{""x"":2520,""y"":3494}]}]}",haberc@uw.edu,BilingualDataTagging,1561312339000,1561312339000,16.117,MendeManual-21.png,,,,,Mende,[],https://image-segmentation-v4.labelbox.com?project=cjtn8nulcnp0l0878dla0tap0&label=cjx991z111jq708900uxx9tro
cjx9921hn0zfr0800pt3hnl8j,cjtn8nc0nofib0bqpifbu3g0h,https://storage.googleapis.com/labelbox-193903.appspot.com/cjtn8mnpenkfa07991d1gorsl%2F5deab2cd-ca8a-def3-4a71-7f5342dee1ac-MendeManual-20.png,Skip,haberc@uw.edu,BilingualDataTagging,1561312342000,1561312342000,2.949,MendeManual-20.png,,,,,Mende,[],https://image-segmentation-v4.labelbox.com?project=cjtn8nulcnp0l0878dla0tap0&label=cjx9921hn0zfr0800pt3hnl8j
cjx992kur1jsj0890kln40qjh,cjtn8nc0nofif0bqppe2gjtc6,https://storage.googleapis.com/labelbox-193903.appspot.com/cjtn8mnpenkfa07991d1gorsl%2Ff0bfa089-7769-a94f-a7fe-ecae69e0efb0-MendeManual-19.png,"{""Table"":[{""select_how_many_columns"":""bi-columnar"",""geometry"":[{""x"":889,""y"":1207},{""x"":1479,""y"":1611}]},{""select_how_many_columns"":""bi-columnar"",""geometry"":[{""x"":616,""y"":1932},{""x"":2185,""y"":2212}]},{""select_how_many_columns"":""bi-columnar"",""geometry"":[{""x"":606,""y"":2355},{""x"":2294,""y"":2552}]},{""select_how_many_columns"":""bi-columnar"",""geometry"":[{""x"":493,""y"":2866},{""x"":2204,""y"":3088}]}]}",haberc@uw.edu,BilingualDataTagging,1561312367000,1561312367000,24.78,MendeManual-19.png,,,,,Mende,[],https://image-segmentation-v4.labelbox.com?project=cjtn8nulcnp0l0878dla0tap0&label=cjx992kur1jsj0890kln40qjh
cjx9934ff0aif0811qgxlse4u,cjtn8nc0nofij0bqpeii8i10g,https://storage.googleapis.com/labelbox-193903.appspot.com/cjtn8mnpenkfa07991d1gorsl%2F5e14f5f8-98df-222e-4a08-e021ffdaecac-MendeManual-18.png,"{""Table"":[{""select_how_many_columns"":""bi-columnar"",""geometry"":[{""x"":523,""y"":1168},{""x"":2262,""y"":1611}]},{""select_how_many_columns"":""bi-columnar"",""geometry"":[{""x"":545,""y"":1772},{""x"":2421,""y"":2277}]},{""select_how_many_columns"":""bi-columnar"",""geometry"":[{""x"":554,""y"":2548},{""x"":2363,""y"":2784}]},{""select_how_many_columns"":""bi-columnar"",""geometry"":[{""x"":559,""y"":2958},{""x"":2402,""y"":3142}]}]}",haberc@uw.edu,BilingualDataTagging,1561312393000,1561312393000,25.098,MendeManual-18.png,,,,,Mende,[],https://image-segmentation-v4.labelbox.com?project=cjtn8nulcnp0l0878dla0tap0&label=cjx9934ff0aif0811qgxlse4u
cjx993vv80zm10800ytuwi9c0,cjtn8nc0nofin0bqpnrin2piu,https://storage.googleapis.com/labelbox-193903.appspot.com/cjtn8mnpenkfa07991d1gorsl%2F5ed40db0-5cc8-6e02-8281-3a34af01a9bf-MendeManual-17.png,"{""Table"":[{""select_how_many_columns"":""bi-columnar"",""geometry"":[{""x"":399,""y"":1552},{""x"":1490,""y"":2023}]},{""select_how_many_columns"":""bi-columnar"",""geometry"":[{""x"":1570,""y"":1562},{""x"":2583,""y"":1988}]},{""select_how_many_columns"":""bi-columnar"",""geometry"":[{""x"":542,""y"":2448},{""x"":1912,""y"":2857}]},{""select_how_many_columns"":""bi-columnar"",""geometry"":[{""x"":551,""y"":2987},{""x"":2063,""y"":3366}]}]}",haberc@uw.edu,BilingualDataTagging,1561312428000,1561312428000,35.262,MendeManual-17.png,,,,,Mende,[],https://image-segmentation-v4.labelbox.com?project=cjtn8nulcnp0l0878dla0tap0&label=cjx993vv80zm10800ytuwi9c0
cjx994xk10aou0811e3kf9lc6,cjtn8nc0nofir0bqplk93bp3b,https://storage.googleapis.com/labelbox-193903.appspot.com/cjtn8mnpenkfa07991d1gorsl%2Fc8f99ae7-5953-939c-6f60-500aa56ea875-MendeManual-16.png,"{""Table"":[{""select_how_many_columns"":""bi-columnar"",""geometry"":[{""x"":419,""y"":631},{""x"":2217,""y"":900}]},{""select_how_many_columns"":""bi-columnar"",""geometry"":[{""x"":589,""y"":1099},{""x"":2344,""y"":1235}]},{""select_how_many_columns"":""bi-columnar"",""geometry"":[{""x"":404,""y"":1510},{""x"":404,""y"":1749},{""x"":2540,""y"":1752},{""x"":2541,""y"":1510}]},{""select_how_many_columns"":""quad-columnar"",""geometry"":[{""x"":421,""y"":2156},{""x"":2405,""y"":2366}]},{""select_how_many_columns"":""bi-columnar"",""geometry"":[{""x"":407,""y"":2390},{""x"":407,""y"":3066},{""x"":2177,""y"":3068},{""x"":2176,""y"":2390}]},{""select_how_many_columns"":""bi-columnar"",""geometry"":[{""x"":405,""y"":3096},{""x"":2352,""y"":3435}]}]}",haberc@uw.edu,BilingualDataTagging,1561312477000,1561312477000,48.596,MendeManual-16.png,,,,,Mende,[],https://image-segmentation-v4.labelbox.com?project=cjtn8nulcnp0l0878dla0tap0&label=cjx994xk10aou0811e3kf9lc6
cjx9965tt26m6083677k0hpli,cjtn8nc0nofiv0bqpte14pa8m,https://storage.googleapis.com/labelbox-193903.appspot.com/cjtn8mnpenkfa07991d1gorsl%2Fa53e3615-1bbe-0e6d-fbd2-dcf58060b9b4-MendeManual-15.png,"{""Table"":[{""select_how_many_columns"":""bi-columnar"",""geometry"":[{""x"":403,""y"":557},{""x"":1126,""y"":951}]},{""select_how_many_columns"":""bi-columnar"",""geometry"":[{""x"":1485,""y"":558},{""x"":2398,""y"":979}]},{""select_how_many_columns"":""bi-columnar"",""geometry"":[{""x"":864,""y"":1390},{""x"":1376,""y"":1530}]},{""select_how_many_columns"":""bi-columnar"",""geometry"":[{""x"":1820,""y"":1390},{""x"":2544,""y"":1520}]},{""select_how_many_columns"":""bi-columnar"",""geometry"":[{""x"":714,""y"":1866},{""x"":1364,""y"":2067}]},{""select_how_many_columns"":""bi-columnar"",""geometry"":[{""x"":1712,""y"":1878},{""x"":2473,""y"":2072}]},{""select_how_many_columns"":""bi-columnar"",""geometry"":[{""x"":647,""y"":2634},{""x"":1350,""y"":2906}]},{""select_how_many_columns"":""bi-columnar"",""geometry"":[{""x"":1631,""y"":2628},{""x"":2505,""y"":2895}]},{""select_how_many_columns"":""quad-columnar"",""geometry"":[{""x"":403,""y"":3040},{""x"":2583,""y"":3432}]}]}",haberc@uw.edu,BilingualDataTagging,1561312535000,1561312535000,57.033,MendeManual-15.png,,,,,Mende,[],https://image-segmentation-v4.labelbox.com?project=cjtn8nulcnp0l0878dla0tap0&label=cjx9965tt26m6083677k0hpli
cjx999mel1kf20890ssx21t8w,cjtn8nc0nofiz0bqpjdeqcmo9,https://storage.googleapis.com/labelbox-193903.appspot.com/cjtn8mnpenkfa07991d1gorsl%2F06fd47e4-ea06-3e0a-9522-e0bded551dc6-MendeManual-14.png,"{""Table"":[{""select_how_many_columns"":""bi-columnar"",""geometry"":[{""x"":1008,""y"":686},{""x"":2740,""y"":2594}]}]}",haberc@uw.edu,BilingualDataTagging,1561312696000,1561312696000,14.736,MendeManual-14.png,,,,,Mende,[],https://image-segmentation-v4.labelbox.com?project=cjtn8nulcnp0l0878dla0tap0&label=cjx999mel1kf20890ssx21t8w
cjx99a0t1c8140891wb0h9o69,cjtn8nc0nofj30bqpmzu7tem3,https://storage.googleapis.com/labelbox-193903.appspot.com/cjtn8mnpenkfa07991d1gorsl%2Fd96c4e27-c1d0-47ef-bc5a-75126ddd9780-MendeManual-13.png,"{""Table"":[{""select_how_many_columns"":""bi-columnar"",""geometry"":[{""x"":592,""y"":1502},{""x"":2558,""y"":2514}]},{""select_how_many_columns"":""bi-columnar"",""geometry"":[{""x"":838,""y"":2655},{""x"":2475,""y"":3144}]}]}",haberc@uw.edu,BilingualDataTagging,1561312715000,1561312715000,18.097,MendeManual-13.png,,,,,Mende,[],https://image-segmentation-v4.labelbox.com?project=cjtn8nulcnp0l0878dla0tap0&label=cjx99a0t1c8140891wb0h9o69
cjx99ajg2104p08007ohlo0ce,cjtn8nc0oofj70bqpvpp6p28v,https://storage.googleapis.com/labelbox-193903.appspot.com/cjtn8mnpenkfa07991d1gorsl%2F0ee6a6db-4baf-83b4-88a2-03668c77d561-MendeManual-12.png,"{""Table"":[{""select_how_many_columns"":""bi-columnar"",""geometry"":[{""x"":885,""y"":354},{""x"":2031,""y"":796}]},{""select_how_many_columns"":""tri-columnar"",""geometry"":[{""x"":400,""y"":935},{""x"":2532,""y"":1284}]},{""select_how_many_columns"":""bi-columnar"",""geometry"":[{""x"":413,""y"":1587},{""x"":1824,""y"":2398}]}]}",haberc@uw.edu,BilingualDataTagging,1561312739000,1561312739000,23.823,MendeManual-12.png,,,,,Mende,[],https://image-segmentation-v4.labelbox.com?project=cjtn8nulcnp0l0878dla0tap0&label=cjx99ajg2104p08007ohlo0ce
cjx99alxs0bme0811ehm5hoe2,cjtn8nc0oofjb0bqpaqjfpfvx,https://storage.googleapis.com/labelbox-193903.appspot.com/cjtn8mnpenkfa07991d1gorsl%2Fbc8d7d16-e159-91f3-500b-28b78cadf555-MendeManual-11.png,Skip,haberc@uw.edu,BilingualDataTagging,1561312742000,1561312742000,2.964,MendeManual-11.png,,,,,Mende,[],https://image-segmentation-v4.labelbox.com?project=cjtn8nulcnp0l0878dla0tap0&label=cjx99alxs0bme0811ehm5hoe2
cjx99az07c87a0891cw9r4ajg,cjtn8nc0oofjf0bqppih0lfl3,https://storage.googleapis.com/labelbox-193903.appspot.com/cjtn8mnpenkfa07991d1gorsl%2F215652bf-7952-83ac-9e96-97db27f3dd7f-MendeManual-10.png,"{""Table"":[{""select_how_many_columns"":""bi-columnar"",""geometry"":[{""x"":630,""y"":1928},{""x"":2428,""y"":2555}]},{""select_how_many_columns"":""bi-columnar"",""geometry"":[{""x"":419,""y"":2687},{""x"":2261,""y"":2968}]}]}",haberc@uw.edu,BilingualDataTagging,1561312759000,1561312759000,16.581,MendeManual-10.png,,,,,Mende,[],https://image-segmentation-v4.labelbox.com?project=cjtn8nulcnp0l0878dla0tap0&label=cjx99az07c87a0891cw9r4ajg
cjx99c7bs109i0800a9w3nptc,cjtn8nc0oofjj0bqp7pzzvdac,https://storage.googleapis.com/labelbox-193903.appspot.com/cjtn8mnpenkfa07991d1gorsl%2F418dad1f-d51f-dc5c-ae12-8311930a05b6-MendeManual-9.png,"{""Table"":[{""select_how_many_columns"":""bi-columnar"",""geometry"":[{""x"":588,""y"":1725},{""x"":1281,""y"":1949}]},{""select_how_many_columns"":""bi-columnar"",""geometry"":[{""x"":1351,""y"":1730},{""x"":2069,""y"":1936}]},{""select_how_many_columns"":""bi-columnar"",""geometry"":[{""x"":407,""y"":2332},{""x"":1331,""y"":2592}]},{""select_how_many_columns"":""bi-columnar"",""geometry"":[{""x"":1465,""y"":2339},{""x"":2415,""y"":2563}]},{""select_how_many_columns"":""bi-columnar"",""geometry"":[{""x"":744,""y"":2801},{""x"":1289,""y"":3001}]},{""select_how_many_columns"":""bi-columnar"",""geometry"":[{""x"":1559,""y"":2810},{""x"":2194,""y"":3002}]},{""select_how_many_columns"":""bi-columnar"",""geometry"":[{""x"":808,""y"":3210},{""x"":1743,""y"":3360}]},{""select_how_many_columns"":""bi-columnar"",""geometry"":[{""x"":563,""y"":3377},{""x"":2207,""y"":3535}]}]}",haberc@uw.edu,BilingualDataTagging,1561312816000,1561312816000,57.068,MendeManual-9.png,,,,,Mende,[],https://image-segmentation-v4.labelbox.com?project=cjtn8nulcnp0l0878dla0tap0&label=cjx99c7bs109i0800a9w3nptc
cjx99d74g0bwz0811rzn0tdif,cjtn8nc0oofjn0bqpw2p9kzzu,https://storage.googleapis.com/labelbox-193903.appspot.com/cjtn8mnpenkfa07991d1gorsl%2F5a96b764-de19-d89b-010d-38123c3bc0a4-MendeManual-8.png,"{""Table"":[{""select_how_many_columns"":""bi-columnar"",""geometry"":[{""x"":803,""y"":393},{""x"":1360,""y"":532}]},{""select_how_many_columns"":""bi-columnar"",""geometry"":[{""x"":630,""y"":744},{""x"":2453,""y"":972}]},{""select_how_many_columns"":""bi-columnar"",""geometry"":[{""x"":636,""y"":1161},{""x"":2527,""y"":1333}]},{""select_how_many_columns"":""bi-columnar"",""geometry"":[{""x"":733,""y"":1444},{""x"":2180,""y"":1542}]},{""select_how_many_columns"":""bi-columnar"",""geometry"":[{""x"":749,""y"":2809},{""x"":1345,""y"":3004}]}]}",haberc@uw.edu,BilingualDataTagging,1561312863000,1561312863000,45.952,MendeManual-8.png,,,,,Mende,[],https://image-segmentation-v4.labelbox.com?project=cjtn8nulcnp0l0878dla0tap0&label=cjx99d74g0bwz0811rzn0tdif
cjx99e032dphj08447ts3rqh7,cjtn8nc0oofjr0bqpphm6rdkk,https://storage.googleapis.com/labelbox-193903.appspot.com/cjtn8mnpenkfa07991d1gorsl%2F48fc5360-eea5-b479-7456-999c75756529-MendeManual-7.png,"{""Table"":[{""select_how_many_columns"":""bi-columnar"",""geometry"":[{""x"":633,""y"":1869},{""x"":2254,""y"":3151}]},{""select_how_many_columns"":""bi-columnar"",""geometry"":[{""x"":764,""y"":1290},{""x"":1787,""y"":1565}]},{""select_how_many_columns"":""quad-columnar"",""geometry"":[{""x"":759,""y"":807},{""x"":1997,""y"":1024}]}]}",haberc@uw.edu,BilingualDataTagging,1561312900000,1561312900000,37.187,MendeManual-7.png,,,,,Mende,[],https://image-segmentation-v4.labelbox.com?project=cjtn8nulcnp0l0878dla0tap0&label=cjx99e032dphj08447ts3rqh7
cjx99env3dpk90844vdsiasli,cjtn8nc0oofjv0bqp1hfd4ke2,https://storage.googleapis.com/labelbox-193903.appspot.com/cjtn8mnpenkfa07991d1gorsl%2Fb1499d1c-7cb9-940c-aad6-9c35ecafa24c-MendeManual-6.png,"{""Table"":[{""select_how_many_columns"":""tri-columnar"",""geometry"":[{""x"":395,""y"":1011},{""x"":1358,""y"":1761}]},{""select_how_many_columns"":""tri-columnar"",""geometry"":[{""x"":1427,""y"":1012},{""x"":2515,""y"":1796}]},{""select_how_many_columns"":""tri-columnar"",""geometry"":[{""x"":757,""y"":2137},{""x"":1609,""y"":2580}]},{""select_how_many_columns"":""bi-columnar"",""geometry"":[{""x"":765,""y"":2729},{""x"":1485,""y"":3062}]}]}",haberc@uw.edu,BilingualDataTagging,1561312931000,1561312931000,30.461,MendeManual-6.png,,,,,Mende,[],https://image-segmentation-v4.labelbox.com?project=cjtn8nulcnp0l0878dla0tap0&label=cjx99env3dpk90844vdsiasli
cjx99erbc27e7083689tsck9f,cjtn8nc0oofjz0bqp0qm2jgm4,https://storage.googleapis.com/labelbox-193903.appspot.com/cjtn8mnpenkfa07991d1gorsl%2Fc6b8c47c-708a-a77c-365c-aaee75e0b126-MendeManual-5.png,Skip,haberc@uw.edu,BilingualDataTagging,1561312936000,1561312936000,4.253,MendeManual-5.png,,,,,Mende,[],https://image-segmentation-v4.labelbox.com?project=cjtn8nulcnp0l0878dla0tap0&label=cjx99erbc27e7083689tsck9f
cjx99et1nardt08845mnldcew,cjtn8nc0oofk30bqpsxfqjohx,https://storage.googleapis.com/labelbox-193903.appspot.com/cjtn8mnpenkfa07991d1gorsl%2F4cbd0e93-c3cd-30a1-0f40-8b47fc1d3f69-MendeManual-4.png,Skip,haberc@uw.edu,BilingualDataTagging,1561312938000,1561312938000,1.944,MendeManual-4.png,,,,,Mende,[],https://image-segmentation-v4.labelbox.com?project=cjtn8nulcnp0l0878dla0tap0&label=cjx99et1nardt08845mnldcew
cjx99eu9o0c1y0811jsuhl7vl,cjtn8nc0oofk70bqpwdxd33cq,https://storage.googleapis.com/labelbox-193903.appspot.com/cjtn8mnpenkfa07991d1gorsl%2F68ce1287-07db-b049-922f-a5b787f1e115-MendeManual-3.png,Skip,haberc@uw.edu,BilingualDataTagging,1561312939000,1561312939000,1.404,MendeManual-3.png,,,,,Mende,[],https://image-segmentation-v4.labelbox.com?project=cjtn8nulcnp0l0878dla0tap0&label=cjx99eu9o0c1y0811jsuhl7vl
cjx99evot27ey0836mg140ylx,cjtn8nc0oofkb0bqpouxv2gpy,https://storage.googleapis.com/labelbox-193903.appspot.com/cjtn8mnpenkfa07991d1gorsl%2Fefbd6cb7-009b-4596-5525-f186b412a17d-MendeManual-2.png,Skip,haberc@uw.edu,BilingualDataTagging,1561312941000,1561312941000,1.611,MendeManual-2.png,,,,,Mende,[],https://image-segmentation-v4.labelbox.com?project=cjtn8nulcnp0l0878dla0tap0&label=cjx99evot27ey0836mg140ylx
cjx99exkl27fq0836cnexg0a0,cjtn8nc0oofkf0bqptrp3tbmf,https://storage.googleapis.com/labelbox-193903.appspot.com/cjtn8mnpenkfa07991d1gorsl%2F7a632936-9494-5342-379b-158f09a2d70c-MendeManual-1.png,Skip,haberc@uw.edu,BilingualDataTagging,1561312944000,1561312948000,2.187,MendeManual-1.png,,,,,Mende,[],https://image-segmentation-v4.labelbox.com?project=cjtn8nulcnp0l0878dla0tap0&label=cjx99exkl27fq0836cnexg0a0
